,City,Country,Lat,Lng,Max Temp,Humidity,Cloudiness,Wind Speed,Current Description
0,Chapais,CA,49.7834,-74.8492,37.18,93,95,5.3,overcast clouds
1,Saskylakh,RU,71.9167,114.0833,33.08,94,100,9.82,overcast clouds
2,Rikitea,PF,-23.1203,-134.9692,75.97,76,44,16.46,scattered clouds
3,Cidreira,BR,-30.1811,-50.2056,58.98,78,38,7.16,scattered clouds
4,Khatanga,RU,71.9667,102.5,33.44,78,100,8.52,overcast clouds
5,Mataura,NZ,-46.1927,168.8643,49.26,73,78,9.28,broken clouds
6,Tilichiki,RU,60.4667,166.1,46.9,61,1,3.24,clear sky
7,Copala,MX,16.65,-98.9833,80.47,71,30,3.65,scattered clouds
8,Tank,PK,32.2217,70.3793,83.71,13,0,7.31,clear sky
9,Sur,OM,22.5667,59.5289,93.07,36,4,17.67,clear sky
10,Punta Arenas,CL,-53.15,-70.9167,30.31,93,40,8.05,scattered clouds
11,Verkhnyaya Inta,RU,65.9811,60.3094,35.76,88,100,18.43,overcast clouds
12,Sao Gabriel Da Cachoeira,BR,-0.1303,-67.0892,70.56,98,46,0.63,scattered clouds
13,Butaritari,KI,3.0707,172.7902,82.2,78,34,14.41,scattered clouds
14,Jamestown,US,42.097,-79.2353,53.19,92,40,3.44,scattered clouds
15,Coahuayana,MX,18.7333,-103.6833,78.48,74,29,5.7,scattered clouds
16,Hermanus,ZA,-34.4187,19.2345,58.8,82,29,7.45,scattered clouds
17,Saint-Philippe,RE,-21.3585,55.7679,71.19,72,41,10.33,scattered clouds
18,Chardara,KZ,41.2547,67.9692,59.11,52,0,5.32,clear sky
19,Hobart,AU,-42.8794,147.3294,58.26,76,40,11.5,scattered clouds
20,Terre Haute,US,39.4667,-87.4139,60.26,59,100,5.55,overcast clouds
21,Moyale,KE,3.5167,39.0584,65.75,81,74,5.75,broken clouds
22,Hornepayne,CA,49.2138,-84.7705,40.62,77,99,5.14,overcast clouds
23,Port Alfred,ZA,-33.5906,26.891,59.88,78,78,5.5,broken clouds
24,Carnarvon,AU,-24.8667,113.6333,71.49,55,30,15.37,scattered clouds
25,Bluff,NZ,-46.6,168.3333,52.16,75,97,30.56,overcast clouds
26,Muyezerskiy,RU,63.9333,31.65,29.21,76,35,3.4,scattered clouds
27,Kavaratti,IN,10.5669,72.642,83.39,80,100,19.1,overcast clouds
28,Taoudenni,ML,22.6783,-3.9836,90.03,9,0,9.82,clear sky
29,Lubumbashi,CD,-11.6609,27.4794,64.06,70,100,3.53,overcast clouds
30,Busselton,AU,-33.65,115.3333,61.92,71,83,20.47,broken clouds
31,New Norfolk,AU,-42.7826,147.0587,56.91,61,10,1.92,clear sky
32,Srednekolymsk,RU,67.45,153.6833,57.92,35,69,11.48,broken clouds
33,Tuktoyaktuk,CA,69.4541,-133.0374,23.0,80,100,8.05,overcast clouds
34,Nuuk,GL,64.1835,-51.7216,32.88,95,100,35.99,overcast clouds
35,Yellowknife,CA,62.456,-114.3525,37.92,65,100,9.22,light snow
36,Kirs,RU,59.3388,52.2447,32.05,98,99,5.35,light snow
37,Cape Town,ZA,-33.9258,18.4232,58.12,91,20,5.75,few clouds
38,Takab,IR,36.4009,47.1133,56.52,36,25,3.83,scattered clouds
39,Ponta Do Sol,PT,32.6667,-17.1,66.83,77,32,5.73,scattered clouds
40,Kruisfontein,ZA,-34.0033,24.7314,54.81,77,100,3.96,overcast clouds
41,Vasalemma,EE,59.2442,24.29,39.25,86,0,2.3,clear sky
42,Ushuaia,AR,-54.8,-68.3,35.26,75,0,4.61,clear sky
43,Cabo San Lucas,MX,22.8909,-109.9124,81.7,70,71,13.4,broken clouds
44,Airai,TL,-8.9266,125.4092,70.2,53,9,4.81,clear sky
45,Nikolskoye,RU,59.7035,30.7861,43.88,57,94,2.57,overcast clouds
46,Palmer,US,42.1584,-72.3287,75.61,80,75,8.05,broken clouds
47,Novichikha,RU,52.204,81.3877,55.45,44,100,4.92,overcast clouds
48,Chumikan,RU,54.7183,135.315,33.13,93,100,11.23,overcast clouds
49,Mackenzie,CA,55.2999,-123.1698,68.22,18,0,13.8,clear sky
50,Kahului,US,20.8947,-156.47,82.98,72,10,10.0,clear sky
51,Qaanaaq,GL,77.484,-69.3632,27.05,77,100,7.27,overcast clouds
52,Hofn,IS,64.2539,-15.2082,44.91,65,98,11.34,overcast clouds
53,Rognan,NO,67.0953,15.3878,44.76,86,98,5.08,overcast clouds
54,Atuona,PF,-9.8,-139.0333,78.39,77,35,18.9,light rain
55,Cherskiy,RU,68.75,161.3,57.22,36,100,17.98,overcast clouds
56,Gambo,CF,4.6482,22.2633,69.82,99,100,0.4,overcast clouds
57,Buta,CD,2.7858,24.73,70.27,99,100,0.56,overcast clouds
58,Christchurch,NZ,-43.5333,172.6333,59.32,50,0,3.44,clear sky
59,Port Hardy,CA,50.6996,-127.4199,55.58,58,100,16.11,light rain
60,Hilo,US,19.7297,-155.09,85.28,70,0,8.01,clear sky
61,Ende,ID,-8.8432,121.6623,83.05,68,84,1.63,broken clouds
62,Clyde River,CA,70.4692,-68.5914,19.63,86,100,20.71,light snow
63,Villarrobledo,ES,39.2699,-2.6012,58.78,77,3,9.28,clear sky
64,Moose Factory,CA,51.2585,-80.6094,50.0,46,100,4.61,overcast clouds
65,Russell,US,32.3502,-85.1999,74.43,83,0,5.75,moderate rain
66,Oranjemund,NA,-28.55,16.4333,57.81,67,13,4.07,few clouds
67,Bandar-E Lengeh,IR,26.5579,54.8807,82.51,94,0,6.91,mist
68,Pisco,PE,-13.7,-76.2167,65.01,88,75,6.91,mist
69,Puerto Ayora,EC,-0.7393,-90.3518,71.89,90,32,7.58,scattered clouds
70,Sao Filipe,CV,14.8961,-24.4956,71.96,75,21,7.36,few clouds
71,Georgetown,MY,5.4112,100.3354,82.33,88,20,3.44,few clouds
72,Tulun,RU,54.5611,100.5792,51.94,61,100,5.12,overcast clouds
73,Albany,US,42.6001,-73.9662,66.38,89,99,11.05,overcast clouds
74,Kapaa,US,22.0752,-159.319,80.58,81,100,13.8,overcast clouds
75,Sandovo,RU,58.4602,36.4128,29.25,83,79,4.83,broken clouds
76,Lubango,AO,-14.9172,13.4925,55.04,36,0,3.42,clear sky
77,Komsomolskiy,UZ,40.4272,71.7189,54.32,76,100,2.3,overcast clouds
78,Lorengau,PG,-2.0226,147.2712,85.93,63,95,13.44,overcast clouds
79,Victoria,HK,22.2855,114.1577,80.19,92,100,20.0,overcast clouds
80,Yumen,CN,40.2833,97.2,69.12,31,10,23.94,clear sky
81,Nivala,FI,63.9167,24.9667,43.68,63,72,3.91,broken clouds
82,Cayenne,GF,4.9333,-52.3333,82.09,1,0,1.01,clear sky
83,Ilulissat,GL,69.2167,-51.1,29.73,97,100,4.14,overcast clouds
84,Mattru,SL,7.6244,-11.8332,73.89,98,96,2.3,light rain
85,Koulikoro,ML,14.0,-7.75,85.87,37,29,10.58,scattered clouds
86,Sakaraha,MG,-22.9,44.5333,62.2,42,0,1.7,clear sky
87,Yashan,CN,22.1975,109.9419,78.48,91,100,11.1,overcast clouds
88,Bambous Virieux,MU,-20.3428,57.7575,73.65,83,75,8.05,broken clouds
89,Saldanha,ZA,-33.0117,17.9442,48.25,90,100,1.45,overcast clouds
90,Salvador,SV,13.8333,-88.9167,75.6,93,100,1.99,overcast clouds
91,Port Elizabeth,ZA,-33.918,25.5701,52.09,93,0,3.44,clear sky
92,Biak,ID,-0.9131,122.8766,80.89,73,60,4.74,broken clouds
93,Marsh Harbour,BS,26.5412,-77.0636,78.39,80,2,16.11,clear sky
94,Mount Gambier,AU,-37.8333,140.7667,59.14,54,0,5.46,clear sky
95,Iqaluit,CA,63.7506,-68.5145,24.53,79,100,24.16,light snow
96,Wagar,SD,16.1525,36.2032,91.22,25,3,8.9,clear sky
97,Constitucion,CL,-35.3333,-72.4167,51.91,92,100,10.96,overcast clouds
98,Severo-Kurilsk,RU,50.6789,156.125,41.77,96,100,14.99,overcast clouds
99,Suure-Jaani,EE,58.5361,25.4706,37.63,59,89,2.44,overcast clouds
100,Mount Isa,AU,-20.7333,139.5,74.97,46,0,10.36,clear sky
101,Lanzhou,CN,36.0564,103.7922,69.87,48,29,1.01,scattered clouds
102,Mopti,ML,14.6667,-4.0,91.44,43,100,6.91,light rain
103,Shimoda,JP,34.6667,138.95,68.36,72,20,8.1,few clouds
104,Necochea,AR,-38.5473,-58.7368,51.87,54,100,8.32,overcast clouds
105,Douentza,ML,14.9951,-2.9517,85.42,40,100,5.39,overcast clouds
106,Mangai,CD,-4.05,19.5333,69.75,98,100,1.12,overcast clouds
107,Castro,BR,-24.7911,-50.0119,48.04,82,92,2.35,overcast clouds
108,Hualmay,PE,-11.0964,-77.6139,64.38,87,23,5.77,few clouds
109,Lompoc,US,34.6391,-120.4579,71.02,70,0,21.99,clear sky
110,Agnibilekrou,CI,7.1344,-3.2047,68.31,99,100,1.9,overcast clouds
111,Vaini,TO,-21.2,-175.2,82.56,83,20,9.22,few clouds
112,Kamwenge,UG,0.1866,30.4539,61.25,98,100,0.96,light rain
113,Kimbe,PG,-5.5502,150.1429,88.88,61,22,3.85,few clouds
114,Chuy,UY,-33.6971,-53.4616,52.52,83,15,6.29,few clouds
115,Lata,PT,40.1629,-8.3327,63.81,96,100,3.13,overcast clouds
116,Kedougou,SN,12.5579,-12.1743,90.18,40,0,4.61,clear sky
117,Thinadhoo,MV,0.5333,72.9333,83.19,75,99,13.09,overcast clouds
118,Ribeira Grande,PT,38.5167,-28.7,64.13,95,100,3.53,light rain
119,Beloha,MG,-25.1667,45.05,63.63,95,5,6.02,clear sky
120,Lebu,CL,-37.6167,-73.65,49.5,80,100,2.84,overcast clouds
121,Palu,ID,-0.8917,119.8707,79.88,89,85,2.84,moderate rain
122,Fukue,JP,32.6881,128.8419,70.16,73,0,5.75,clear sky
123,Thompson,CA,55.7435,-97.8558,64.56,19,100,8.05,overcast clouds
124,Sitka,US,57.0531,-135.33,52.63,71,100,6.53,overcast clouds
125,Bredasdorp,ZA,-34.5322,20.0403,54.68,89,30,4.92,scattered clouds
126,Prince Rupert,CA,54.3161,-130.3201,51.89,78,0,14.97,clear sky
127,Mar Del Plata,AR,-38.0023,-57.5575,54.95,70,0,3.44,clear sky
128,Avarua,CK,-21.2078,-159.775,84.25,74,75,9.22,broken clouds
129,Esperance,AU,-33.8667,121.9,65.14,67,0,14.65,clear sky
130,Williams Lake,CA,52.1415,-122.1445,73.06,19,20,4.61,few clouds
131,Pangoa,PE,-12.1167,-73.0,69.08,88,97,2.19,overcast clouds
132,Sassandra,CI,4.95,-6.0833,74.1,91,100,4.72,light rain
133,Rantepao,ID,-2.9701,119.8978,71.47,91,99,1.72,overcast clouds
134,Winsum,NL,53.33,6.5208,56.1,78,100,10.16,overcast clouds
135,Korocha,RU,50.8107,37.1953,43.52,92,76,9.57,broken clouds
136,Mitsamiouli,KM,-11.3847,43.2844,78.4,83,100,12.55,light rain
137,Kavieng,PG,-2.5744,150.7967,85.15,64,73,16.82,broken clouds
138,Vardo,NO,70.3705,31.1107,37.38,87,100,17.27,overcast clouds
139,Vestmanna,FO,62.1564,-7.1664,45.52,93,100,4.61,overcast clouds
140,Margate,GB,51.3813,1.3862,60.31,80,99,1.99,overcast clouds
141,Arraial Do Cabo,BR,-22.9661,-42.0278,71.2,71,0,14.88,clear sky
142,Roebourne,AU,-20.7833,117.1333,73.81,77,100,9.8,overcast clouds
143,Terney,RU,45.0503,136.6092,48.24,87,100,7.16,overcast clouds
144,Dicabisagan,PH,17.0818,122.4157,85.39,71,100,8.3,light rain
145,Igrim,RU,63.1906,64.4162,40.66,89,100,10.49,overcast clouds
146,Neverkino,RU,52.7854,46.7417,42.03,92,100,6.69,overcast clouds
147,Trairi,BR,-3.2778,-39.2689,73.87,91,6,5.1,clear sky
148,Cap Malheureux,MU,-19.9842,57.6142,71.47,77,0,1.99,clear sky
149,Pochutla,MX,15.7432,-96.4661,83.82,64,0,6.69,clear sky
150,Dunkwa,GH,5.9656,-1.78,69.93,99,100,1.12,overcast clouds
151,San Patricio,US,28.017,-97.5169,82.54,66,88,11.1,overcast clouds
152,Chokurdakh,RU,70.6333,147.9167,33.46,100,100,6.49,overcast clouds
153,Coos Bay,US,43.3665,-124.2179,67.32,91,40,11.5,scattered clouds
154,Ardakan,IR,32.31,54.0175,67.64,18,0,2.19,clear sky
155,Avera,US,33.194,-82.5271,77.05,64,100,7.63,overcast clouds
156,Salmas,IR,38.1973,44.7653,59.36,45,90,9.31,overcast clouds
157,Florianopolis,BR,-27.6146,-48.5012,61.7,94,0,1.14,clear sky
158,Puertollano,ES,38.6871,-4.1073,61.16,87,0,3.67,clear sky
159,Takoradi,GH,4.8845,-1.7554,74.55,92,100,7.72,overcast clouds
160,Lavrentiya,RU,65.5833,-171.0,40.73,78,99,4.9,overcast clouds
161,Moa,CU,20.6569,-74.9403,77.76,84,83,10.16,broken clouds
162,Sao Joao Da Barra,BR,-21.6403,-41.0511,69.96,71,19,8.43,few clouds
163,Hithadhoo,MV,-0.6,73.0833,83.37,73,100,13.98,overcast clouds
164,Kaitangata,NZ,-46.2817,169.8464,50.85,68,100,17.25,overcast clouds
165,Provideniya,RU,64.3833,-173.3,51.91,62,0,13.42,clear sky
166,East London,ZA,-33.0153,27.9116,59.43,81,51,3.85,broken clouds
167,Gamba,GA,-2.65,10.0,75.0,78,92,5.5,overcast clouds
168,Dossor,KZ,47.5272,52.9811,58.19,90,6,13.13,clear sky
169,Upington,ZA,-28.4478,21.2561,50.38,87,0,2.3,clear sky
170,Upernavik,GL,72.7868,-56.1549,31.62,84,99,24.99,overcast clouds
171,Domna,RU,51.8971,113.1573,59.16,47,20,4.47,few clouds
172,Lishui,CN,28.4604,119.9103,65.5,99,100,2.98,light rain
173,Emba,KZ,48.8264,58.1442,56.57,67,99,16.62,overcast clouds
174,Hovd,MN,48.0056,91.6419,71.35,14,24,2.37,few clouds
175,Coolum Beach,AU,-26.5333,153.1,67.33,93,100,13.96,light rain
176,Suntar,RU,62.1444,117.6319,62.4,48,90,4.09,overcast clouds
177,Port-Cartier,CA,50.0334,-66.8654,52.02,96,100,4.18,moderate rain
178,Waipawa,NZ,-41.4122,175.5153,53.92,55,8,5.68,clear sky
179,Dingle,PH,10.9995,122.6711,85.23,69,88,7.27,overcast clouds
180,Rio Cuarto,AR,-33.1307,-64.3499,60.57,55,0,10.36,clear sky
181,Barrow,US,71.2906,-156.7887,24.82,86,100,10.36,overcast clouds
182,Darhan,MN,49.4867,105.9228,67.98,33,33,7.4,scattered clouds
183,Shakawe,BW,-18.3667,21.85,45.72,60,0,4.94,clear sky
184,Hirado,JP,33.3597,129.5531,75.38,77,100,4.25,overcast clouds
185,Ancud,CL,-41.8697,-73.8203,47.86,73,19,15.9,light rain
186,Kropotkin,RU,45.4375,40.5756,53.19,98,100,8.68,overcast clouds
187,Goma,CD,-1.6792,29.2228,61.83,90,100,2.06,overcast clouds
188,La Macarena,CO,2.1837,-73.7849,72.95,95,53,3.49,broken clouds
189,Bethel,US,41.3712,-73.414,73.96,89,75,0.0,broken clouds
190,Vestmannaeyjar,IS,63.4427,-20.2734,49.17,80,4,7.18,clear sky
191,Kodiak,US,57.79,-152.4072,47.71,81,100,14.97,light rain
192,Puerto Baquerizo Moreno,EC,-0.9,-89.6,72.3,88,100,8.66,overcast clouds
193,Saint George,US,37.1041,-113.5841,87.64,9,0,10.36,clear sky
194,Tautira,PF,-17.7333,-149.15,78.93,76,22,12.59,light rain
195,Mahebourg,MU,-20.4081,57.7,73.69,83,75,8.05,broken clouds
196,Naze,JP,28.3667,129.4833,72.52,67,100,5.46,overcast clouds
197,Vostok,RU,46.4856,135.8833,61.3,54,39,2.75,scattered clouds
198,Cabedelo,BR,-6.9811,-34.8339,75.87,87,49,13.67,scattered clouds
199,Bubaque,GW,11.2833,-15.8333,78.06,74,21,14.41,few clouds
200,San Isidro,PE,-12.1167,-77.05,65.01,80,100,5.75,mist
201,Codrington,AU,-38.2667,141.9667,56.89,58,0,4.59,clear sky
202,Raymond,US,43.9015,-70.4703,72.41,84,100,3.18,overcast clouds
203,Hasaki,JP,35.7333,140.8333,64.8,79,62,11.39,broken clouds
204,Lehi,US,40.3916,-111.8508,65.7,33,100,30.0,overcast clouds
205,Ararangua,BR,-28.9347,-49.4858,54.0,89,100,3.49,overcast clouds
206,Marquette,US,46.5333,-87.6335,44.04,75,14,2.57,few clouds
207,Soyo,AO,-6.1349,12.3689,73.6,83,74,7.11,broken clouds
208,Kandrian,PG,-6.2167,149.55,85.46,69,26,4.38,light rain
209,Ballina,AU,-28.8667,153.5667,61.79,79,100,11.92,light rain
210,Vanimo,PG,-2.6741,141.3028,85.78,66,100,6.24,overcast clouds
211,Chanika,TZ,-5.4167,38.0167,62.87,98,100,2.28,overcast clouds
212,Horta,PT,38.5333,-28.6333,63.37,96,100,2.8,light rain
213,Luderitz,NA,-26.6481,15.1594,60.44,55,23,5.14,few clouds
214,Torit,SS,4.4133,32.5678,70.07,85,94,0.74,light rain
215,Torbay,CA,47.6666,-52.7314,54.37,64,100,13.8,overcast clouds
216,Shevchenkove,UA,49.6959,37.1735,42.1,95,26,7.27,scattered clouds
217,Dongsheng,CN,39.8161,109.9776,63.48,49,3,5.64,clear sky
218,Faanui,PF,-16.4833,-151.75,81.09,69,5,13.51,clear sky
219,Nanortalik,GL,60.1432,-45.2371,34.41,92,52,8.97,broken clouds
220,Novopavlovka,RU,51.2172,109.2091,61.2,46,100,10.27,overcast clouds
221,Salvacion,PH,7.9833,126.1333,84.74,71,94,1.16,overcast clouds
222,Lagos,NG,6.5833,3.75,79.12,89,100,2.46,overcast clouds
223,Basdiot,PH,9.9472,123.3752,84.38,68,93,1.66,overcast clouds
224,Richards Bay,ZA,-28.783,32.0377,62.71,92,100,14.74,moderate rain
225,Te Anau,NZ,-45.4167,167.7167,49.35,69,1,2.04,clear sky
226,Petropavlovsk-Kamchatskiy,RU,53.0452,158.6483,41.59,100,100,8.95,overcast clouds
227,Touros,BR,-5.1989,-35.4608,75.09,92,24,12.33,few clouds
228,Kotovo,RU,50.3211,44.8012,45.01,96,100,4.14,light rain
229,Klaksvik,FO,62.2266,-6.589,47.32,91,39,9.22,scattered clouds
230,Kota Kinabalu,MY,5.9749,116.0724,84.18,70,20,5.75,few clouds
231,Aban,RU,56.67,96.06,57.04,57,0,6.11,clear sky
232,Atlantic City,US,39.3643,-74.4229,79.02,76,6,11.14,clear sky
233,Ipu,BR,-4.3222,-40.7108,73.72,82,87,1.79,overcast clouds
234,Tiksi,RU,71.6872,128.8694,31.46,89,7,4.34,clear sky
235,Dunedin,NZ,-45.8742,170.5036,55.8,42,10,21.99,clear sky
236,Angoram,PG,-4.0625,144.0661,86.27,67,100,3.74,overcast clouds
237,Coihaique,CL,-45.5752,-72.0662,35.55,87,100,5.75,light intensity shower rain
238,Vila Franca Do Campo,PT,37.7167,-25.4333,67.19,96,100,3.13,light rain
239,Biloela,AU,-24.4167,150.5,70.97,67,85,15.5,overcast clouds
240,Tuatapere,NZ,-46.1333,167.6833,51.78,70,57,11.48,broken clouds
241,Saint-Francois,FR,46.4154,3.9054,69.24,68,0,6.91,clear sky
242,Boa Vista,BR,2.8197,-60.6733,75.18,88,75,4.61,light intensity shower rain
243,Vao,NC,-22.6667,167.4833,75.43,82,1,12.37,clear sky
244,Faya,SA,18.3851,42.4509,69.91,31,0,1.63,clear sky
245,Beringovskiy,RU,63.05,179.3167,42.82,72,76,10.6,broken clouds
246,Sholapur,IN,17.6833,75.9167,79.23,70,1,13.91,clear sky
247,Coxim,BR,-18.5067,-54.76,65.23,41,2,0.2,clear sky
248,Guider,CM,9.9342,13.9486,85.21,46,33,5.79,scattered clouds
249,Muzhi,RU,65.3667,64.6667,35.46,93,100,26.28,light rain
250,Cockburn Town,TC,21.4612,-71.1419,80.56,69,40,17.27,scattered clouds
251,Longyearbyen,SJ,78.2186,15.6401,35.44,87,75,4.61,broken clouds
252,Tahoua,NE,14.8888,5.2692,87.21,31,100,5.32,overcast clouds
253,Paita,PE,-5.0892,-81.1144,67.19,82,8,17.16,clear sky
254,Namwala,ZM,-15.7504,26.4384,49.15,40,0,4.29,clear sky
255,Tiarei,PF,-17.5333,-149.3333,84.22,74,12,12.71,few clouds
256,Barra Do Bugres,BR,-15.0725,-57.1811,67.69,53,9,2.57,clear sky
257,Ahipara,NZ,-35.1667,173.1667,62.26,69,100,11.68,overcast clouds
258,Dikson,RU,73.5069,80.5464,24.26,89,76,11.07,broken clouds
259,Turukhansk,RU,65.8167,87.9833,57.96,61,64,8.75,broken clouds
260,Svetlaya,RU,46.5389,138.3297,45.63,81,99,7.67,overcast clouds
261,Coquimbo,CL,-29.9533,-71.3436,56.93,94,0,3.44,clear sky
262,Shenzhen,CN,22.5455,114.0683,80.08,92,100,8.97,overcast clouds
263,Pevek,RU,69.7008,170.3133,35.94,90,50,7.63,scattered clouds
264,Namibe,AO,-15.1961,12.1522,68.67,68,0,5.41,clear sky
265,Moussoro,TD,13.6408,16.4901,86.49,13,52,12.77,broken clouds
266,Sovetskiy,RU,61.3614,63.5842,36.75,88,91,9.69,overcast clouds
267,Palmito,CO,9.3333,-75.55,78.94,91,0,8.28,clear sky
268,Svetlyy,RU,54.675,20.1347,48.25,87,73,6.93,broken clouds
269,Wad Madani,SD,14.4012,33.5199,90.64,13,67,16.17,broken clouds
270,Isangel,VU,-19.55,169.2667,84.31,79,40,4.61,scattered clouds
271,Coalinga,US,36.1397,-120.3602,89.85,26,1,9.22,clear sky
272,Miri,MY,4.4148,114.0089,80.74,83,20,3.44,few clouds
273,Saeby,DK,57.3319,10.5225,46.33,77,100,4.99,overcast clouds
274,Barroso,BR,-21.1869,-43.9758,51.46,92,0,4.94,clear sky
275,Mbandaka,CD,0.0487,18.2603,71.17,98,100,3.44,overcast clouds
276,Filadelfia,US,39.9523,-75.1638,76.98,79,86,5.01,overcast clouds
277,Male,MV,4.1748,73.5089,84.15,84,75,11.5,broken clouds
278,Khipro,PK,25.8285,69.3772,83.26,76,0,17.83,clear sky
279,Morant Bay,JM,17.8815,-76.4093,83.82,85,99,7.58,overcast clouds
280,Dubbo,AU,-32.25,148.6167,62.73,63,74,14.97,broken clouds
281,Wollongong,AU,-34.4333,150.8833,63.07,84,100,6.02,light rain
282,Skjervoy,NO,70.0311,20.9714,41.0,83,100,5.32,light rain
283,Bengkulu,ID,-3.8004,102.2655,78.53,84,99,2.04,overcast clouds
284,Yulara,AU,-25.2406,130.9889,65.46,36,100,10.25,overcast clouds
285,Korla,CN,41.7597,86.1469,78.71,21,100,13.67,overcast clouds
286,Kaduqli,SD,11.0167,29.7167,82.44,27,96,4.59,overcast clouds
287,Ust-Uda,RU,54.1742,103.0304,55.99,54,100,7.56,overcast clouds
288,Okhotsk,RU,59.3833,143.3,37.87,91,100,5.91,overcast clouds
289,Trudarmeyskiy,RU,54.132,86.4098,57.42,69,100,13.76,overcast clouds
290,Valera,VE,9.3178,-70.6036,73.36,81,14,5.48,few clouds
291,Tarrafal,CV,15.2833,-23.7667,74.19,77,32,10.38,scattered clouds
292,Chapleau,CA,47.8405,-83.4034,46.49,49,75,2.3,broken clouds
293,Sabha,LY,27.0377,14.4283,74.35,11,2,10.96,clear sky
294,Harper,LR,4.375,-7.7169,76.23,90,100,9.86,overcast clouds
295,Si Satchanalai,TH,17.5169,99.7598,78.58,86,89,3.58,overcast clouds
296,Guerrero Negro,MX,27.9769,-114.0611,63.12,67,0,19.69,clear sky
297,Broken Hill,AU,-31.95,141.4333,62.51,56,0,9.55,clear sky
298,Mezen,RU,65.8522,44.24,29.16,79,100,14.56,overcast clouds
299,College,US,64.8569,-147.8028,67.28,26,0,9.22,clear sky
300,Mamatid,PH,14.2342,121.1581,87.1,80,96,2.77,overcast clouds
301,Myitkyina,MM,25.3833,97.4,76.03,89,61,2.15,broken clouds
302,Kangaatsiaq,GL,68.3065,-53.4641,30.4,94,100,8.81,light snow
303,Laguna,US,38.421,-121.4238,91.11,15,40,3.0,scattered clouds
304,Trinidad,BO,-14.8333,-64.9,67.84,91,81,1.16,broken clouds
305,Jiuquan,CN,39.7432,98.5174,69.06,30,5,4.16,clear sky
306,San Quintin,MX,30.4833,-115.95,63.59,65,0,12.08,clear sky
307,Padang,ID,-0.9492,100.3543,73.45,74,100,2.39,overcast clouds
308,Vila Velha,BR,-20.3297,-40.2925,69.75,88,0,3.44,clear sky
309,Beinamar,TD,8.6698,15.3813,81.39,56,93,4.25,overcast clouds
310,Quatre Cocos,MU,-20.2078,57.7625,73.51,76,9,12.48,clear sky
311,Wagga Wagga,AU,-35.1167,147.3667,62.85,58,43,7.49,scattered clouds
312,Buraydah,SA,26.326,43.975,86.45,10,0,7.81,clear sky
313,Kirkwall,GB,58.9848,-2.9587,48.96,100,75,8.05,broken clouds
314,Deputatskiy,RU,69.3,139.9,32.59,96,8,1.83,clear sky
315,Itaqui,BR,-29.1253,-56.5531,54.41,88,0,8.01,clear sky
316,Talnakh,RU,69.4865,88.3972,33.21,100,100,5.66,overcast clouds
317,Kamyaran,IR,34.7956,46.9355,60.33,30,54,3.83,broken clouds
318,Kushmurun,KZ,52.4503,64.6311,48.09,80,100,15.35,moderate rain
319,Gwanda,ZW,-20.9333,29.0,47.25,57,0,4.79,clear sky
320,Huescar,ES,37.811,-2.5412,64.11,62,0,4.88,clear sky
321,Tasiilaq,GL,65.6145,-37.6368,35.76,99,100,11.39,moderate rain
322,Talaya,RU,61.3833,152.75,45.18,68,100,13.09,overcast clouds
323,Karratha,AU,-20.7377,116.8463,73.08,77,100,5.66,overcast clouds
324,Nhulunbuy,AU,-12.2333,136.7667,84.81,70,75,14.97,broken clouds
325,Ust-Koksa,RU,50.2696,85.6108,59.85,62,70,2.33,broken clouds
326,Clarence Town,AU,-32.5833,151.7833,62.94,90,100,1.79,overcast clouds
327,Pontian Kecil,MY,1.4801,103.3899,79.12,76,53,2.51,broken clouds
328,Qaqortoq,GL,60.7167,-46.0333,34.09,90,98,6.51,overcast clouds
329,Erzin,TR,36.9559,36.2,60.94,87,68,6.98,broken clouds
330,Swinoujscie,PL,53.9105,14.2471,52.59,80,38,7.94,scattered clouds
331,Mnogovershinnyy,RU,53.9353,139.9242,38.44,76,95,4.61,overcast clouds
332,Tarakan,ID,3.3,117.6333,78.3,89,75,9.22,light rain
333,Berlevag,NO,70.8578,29.0864,39.15,81,100,3.44,overcast clouds
334,Suihua,CN,46.6406,126.9969,75.9,30,5,18.54,clear sky
335,Kristianstad,SE,56.0313,14.1524,43.95,98,42,3.44,scattered clouds
336,Howard Springs,AU,-12.497,131.047,86.83,72,9,8.52,clear sky
337,Lima,PE,-12.0432,-77.0282,63.9,80,100,5.75,mist
338,Salinopolis,BR,-0.6136,-47.3561,77.94,82,100,7.2,overcast clouds
339,Neiafu,TO,-18.65,-173.9833,86.68,70,20,6.91,few clouds
340,Egvekinot,RU,66.3167,-179.1667,49.78,44,100,1.68,overcast clouds
341,Mehamn,NO,71.0357,27.8492,39.11,90,86,5.17,overcast clouds
342,Suez,EG,29.9737,32.5263,64.04,64,0,1.45,clear sky
343,Caluquembe,AO,-13.7833,14.6833,53.33,59,0,2.44,clear sky
344,Smolensk,RU,55.0,33.0,34.54,79,0,4.23,clear sky
345,Labuhan,ID,-6.8844,112.2051,82.45,77,85,12.64,overcast clouds
346,Axim,GH,4.8699,-2.2405,75.94,87,100,3.58,overcast clouds
347,Gela,IT,37.0803,14.2307,68.58,68,7,2.53,clear sky
348,Ostrovnoy,RU,68.0531,39.5131,30.9,74,78,12.46,broken clouds
349,Kalianget,ID,-7.05,113.9333,84.43,69,21,15.99,few clouds
350,Sept-Iles,CA,50.2001,-66.3821,52.32,95,100,8.05,moderate rain
351,Kawalu,ID,-7.3817,108.2082,78.75,76,87,2.59,overcast clouds
352,Valley City,US,46.9233,-98.0032,57.72,33,0,3.44,clear sky
353,Otjiwarongo,NA,-20.4637,16.6477,46.06,43,7,8.14,clear sky
354,Ketchikan,US,55.3422,-131.6461,54.07,71,75,12.66,broken clouds
355,Satna,IN,24.5833,80.8333,84.67,46,5,3.31,clear sky
356,Oksfjord,NO,70.2396,22.3479,44.67,91,68,4.99,broken clouds
357,Chicama,PE,-7.8447,-79.1469,61.34,80,5,6.64,clear sky
358,Qiryat Gat,IL,31.61,34.7642,66.4,100,5,9.62,clear sky
359,Gopalpur,IN,19.2667,84.9167,84.45,78,74,4.5,broken clouds
360,Maceio,BR,-9.6658,-35.7353,74.64,88,75,3.44,broken clouds
361,Grants Pass,US,42.439,-123.3284,76.64,22,0,9.22,clear sky
362,Monte Di Procida,IT,40.7981,14.0502,64.92,91,10,0.98,clear sky
363,Micheweni,TZ,-4.9667,39.8333,77.4,80,100,10.6,overcast clouds
364,Narasannapeta,IN,18.4167,84.05,83.93,81,66,5.66,broken clouds
365,Sioux Lookout,CA,50.1001,-91.917,55.47,26,20,11.5,few clouds
366,Port Lincoln,AU,-34.7333,135.8667,64.42,65,31,11.68,scattered clouds
367,Magadan,RU,59.5667,150.8,40.53,95,100,21.94,light rain
368,Fethiye,TR,36.6217,29.1164,58.87,61,7,5.68,clear sky
369,Carutapera,BR,-1.195,-46.02,74.55,93,20,4.25,few clouds
370,Marang,MY,5.2056,103.2059,78.71,80,100,2.24,overcast clouds
371,Marfino,RU,55.7028,37.3822,34.05,69,0,6.71,clear sky
372,Dickinson,US,29.4608,-95.0513,81.12,76,100,3.0,overcast clouds
373,Kununurra,AU,-15.7667,128.7333,82.38,30,77,3.44,broken clouds
374,Hun,LY,29.1268,15.9477,72.66,13,0,7.9,clear sky
375,Voh,NC,-20.9667,164.7,74.93,81,99,7.99,overcast clouds
376,Westport,US,41.1415,-73.3579,76.44,89,61,10.38,moderate rain
377,Rorvik,NO,64.8621,11.2373,48.76,85,79,9.26,broken clouds
378,Tual,ID,-5.6667,132.75,83.43,75,35,16.82,scattered clouds
379,Lukang,TW,24.0567,120.4352,81.07,80,100,7.94,overcast clouds
380,Rio Gallegos,AR,-51.6226,-69.2181,39.25,52,0,13.8,clear sky
381,Vallenar,CL,-28.5708,-70.7581,64.53,42,100,0.45,overcast clouds
382,Inongo,CD,-1.95,18.2667,70.52,95,100,4.43,overcast clouds
383,Inzer,RU,54.2167,57.5556,36.12,96,100,3.24,overcast clouds
384,Vieira De Leiria,PT,39.8695,-8.9324,65.3,94,75,5.75,broken clouds
385,Antalaha,MG,-14.9003,50.2788,71.4,88,36,7.25,light rain
386,Linxia,CN,35.6003,103.2064,63.66,53,67,1.92,broken clouds
387,Lazaro Cardenas,MX,17.9583,-102.2,79.59,73,1,8.32,clear sky
388,Ayagoz,KZ,47.9714,80.4392,52.27,63,100,12.68,overcast clouds
389,Sao Mateus,BR,-18.7161,-39.8589,65.97,83,23,3.8,few clouds
390,Darnah,LY,32.767,22.6367,65.75,45,0,14.83,clear sky
391,Hobyo,SO,5.3505,48.5268,80.55,79,92,24.79,overcast clouds
392,Sinnamary,GF,5.3833,-52.95,76.78,88,100,5.03,overcast clouds
393,Kabompo,ZM,-13.5927,24.2008,50.32,44,60,5.23,broken clouds
394,Milkovo,RU,54.7167,158.6167,52.11,58,100,2.68,overcast clouds
395,San Borja,BO,-14.8167,-66.85,65.8,97,56,3.11,broken clouds
396,Goderich,CA,43.7501,-81.7165,50.32,71,95,11.5,overcast clouds
397,San Rafael,AR,-34.6177,-68.3301,57.33,31,55,2.15,broken clouds
398,Adrar,MR,20.5022,-10.0711,88.57,18,73,5.59,broken clouds
399,Vaitape,PF,-16.5167,-151.75,81.12,68,5,13.4,clear sky
400,Ipixuna,BR,-1.7625,-48.8043,72.41,98,100,2.62,moderate rain
401,Borogontsy,RU,62.6683,131.1683,55.8,41,12,5.23,few clouds
402,Porto Novo,BJ,6.4965,2.6036,80.42,89,98,3.09,overcast clouds
403,Narsaq,GL,60.9167,-46.05,32.94,92,95,5.64,overcast clouds
404,Keuruu,FI,62.2667,24.7,43.81,73,64,4.76,broken clouds
405,Ugljevik,BA,44.6636,19.0203,59.52,84,100,2.01,overcast clouds
406,Strezhevoy,RU,60.7333,77.5889,46.4,85,100,14.23,moderate rain
407,Ihosy,MG,-22.4,46.1167,57.0,97,20,3.62,few clouds
408,Masindi,UG,1.6744,31.715,62.28,96,62,1.66,broken clouds
409,Ferrol,ES,43.4832,-8.2369,58.68,90,70,6.96,broken clouds
410,Lagoa,PT,39.05,-27.9833,61.45,91,100,13.42,light rain
411,Pascagoula,US,30.3658,-88.5561,74.12,95,75,6.91,broken clouds
412,Baruun-Urt,MN,46.6806,113.2792,70.16,24,0,10.4,clear sky
413,Itarema,BR,-2.9248,-39.9167,75.49,88,10,8.19,clear sky
414,Odienne,CI,9.51,-7.5692,71.8,90,83,5.08,broken clouds
415,Aurillac,FR,44.9167,2.45,56.62,94,54,0.67,broken clouds
416,Bojnurd,IR,37.4747,57.329,49.95,62,0,2.3,clear sky
417,Waingapu,ID,-9.6567,120.2641,83.79,69,17,14.16,few clouds
418,Auki,SB,-8.7676,160.7034,86.04,66,25,4.63,scattered clouds
419,Traverse City,US,44.7631,-85.6206,48.99,71,38,4.29,scattered clouds
420,Waddan,LY,29.1614,16.139,72.46,14,0,8.5,clear sky
421,Dawei,MM,14.0833,98.2,76.59,96,100,7.02,light rain
422,Santa Rosa,PH,14.3122,121.1114,88.11,76,92,3.47,overcast clouds
423,Songjianghe,CN,42.1859,127.479,71.02,38,52,7.02,broken clouds
424,Amboasary,MG,-25.0333,46.3833,63.32,76,2,2.98,clear sky
425,Souillac,MU,-20.5167,57.5167,73.78,83,75,8.05,broken clouds
426,Norman Wells,CA,65.282,-126.8329,46.44,53,100,4.61,overcast clouds
427,Grindavik,IS,63.8424,-22.4338,48.15,93,0,6.91,clear sky
428,Rio Grande,BR,-32.035,-52.0986,57.2,80,0,8.88,clear sky
429,Domoni,KM,-12.2569,44.5319,76.89,77,100,0.83,light rain
430,Quipapa,BR,-8.8278,-36.0117,66.61,94,26,5.99,scattered clouds
431,Matara,LK,5.9485,80.5353,79.11,90,82,11.05,broken clouds
432,Marawi,PH,7.9986,124.2928,75.6,80,100,1.28,overcast clouds
433,Mogadishu,SO,2.0371,45.3438,79.92,89,96,19.1,overcast clouds
434,Aklavik,CA,68.2191,-135.0107,36.48,56,98,10.07,overcast clouds
435,Galesong,ID,-5.3166,119.3661,80.62,75,96,5.44,overcast clouds
436,Kolosovka,RU,56.4678,73.611,46.42,79,100,17.63,overcast clouds
437,Tazovskiy,RU,67.4667,78.7,38.48,88,91,18.97,overcast clouds
438,Samarai,PG,-10.6167,150.6667,82.47,74,16,8.21,few clouds
439,Koppa,IN,13.5304,75.3633,69.6,94,100,2.59,overcast clouds
440,Pritomskiy,RU,53.7724,87.6082,59.92,89,100,10.54,light rain
441,Saint-Augustin,CA,51.226,-58.6502,44.96,95,100,8.61,overcast clouds
442,Tecoanapa,MX,16.5167,-98.75,81.57,69,7,4.38,clear sky
443,Nyrob,RU,60.733,56.7202,31.6,98,100,6.17,light snow
444,Havelock,US,34.8791,-76.9013,75.96,81,100,4.0,overcast clouds
445,Kortkeros,RU,61.8106,51.5806,30.2,98,100,5.82,light snow
446,Namatanai,PG,-3.6667,152.4333,85.84,59,36,10.51,scattered clouds
447,Haines Junction,CA,60.7522,-137.5108,60.75,21,100,14.97,overcast clouds
448,Asfi,MA,32.2994,-9.2372,63.88,87,11,17.16,few clouds
449,Fayaoue,NC,-20.65,166.5333,78.58,83,12,15.88,few clouds
450,Waw,SS,7.7029,27.9953,75.74,72,100,4.36,overcast clouds
451,Valdivia,CL,-39.8142,-73.2459,42.89,94,7,1.88,clear sky
452,Serenje,ZM,-13.2325,30.2352,59.25,92,99,4.36,overcast clouds
453,Anadyr,RU,64.75,177.4833,54.1,58,0,13.42,clear sky
454,Kjollefjord,NO,70.9457,27.3465,42.85,88,47,5.86,scattered clouds
455,Arcoverde,BR,-8.4189,-37.0539,63.97,96,29,7.34,scattered clouds
456,Curillo,CO,1.0333,-75.9191,72.52,96,8,1.36,clear sky
457,Fortuna,US,40.5982,-124.1573,59.94,85,75,11.5,broken clouds
458,Chifeng,CN,42.2683,118.9636,78.19,29,60,6.24,broken clouds
459,Gondanglegi,ID,-7.7479,112.0132,80.22,79,23,1.74,few clouds
460,Asau,RO,46.4333,26.4,51.28,90,100,2.26,overcast clouds
461,Richmond,US,37.5538,-77.4603,84.18,61,75,12.66,broken clouds
462,Ankang,CN,32.68,109.0172,72.27,61,0,0.67,clear sky
463,Los Llanos De Aridane,ES,28.6585,-17.9182,65.95,82,100,13.8,overcast clouds
464,Lamu,KE,-2.2717,40.902,79.38,82,100,14.29,overcast clouds
465,Vodnyy,RU,63.5046,53.4095,31.95,98,100,9.57,snow
466,Santiago De Cao,PE,-7.9589,-79.2392,62.73,82,1,9.22,fog
467,Vangaindrano,MG,-23.35,47.6,64.35,93,6,3.56,clear sky
468,Meulaboh,ID,4.1363,96.1285,79.05,84,100,2.86,overcast clouds
469,Karlovac,HR,45.4872,15.5478,68.47,98,100,1.99,light rain
470,Nome,US,64.5011,-165.4064,67.15,31,100,6.06,overcast clouds
471,Tura,IN,25.5198,90.2201,76.01,89,5,2.84,clear sky
472,Narrabri,AU,-30.3167,149.7833,63.52,65,100,4.0,overcast clouds
473,Batagay-Alyta,RU,67.8006,130.4114,38.84,69,15,3.06,few clouds
474,Santiago Del Estero,AR,-27.7951,-64.2615,62.33,51,0,9.04,clear sky
475,Bilibino,RU,68.0546,166.4372,51.06,50,98,8.01,overcast clouds
476,Si Sa Ket,TH,14.8333,104.3333,79.59,78,100,10.45,overcast clouds
477,Muros,ES,42.7762,-9.0603,59.68,91,63,1.03,broken clouds
478,Tveit,NO,58.2337,8.122,51.1,100,100,5.75,overcast clouds
479,Peruibe,BR,-24.32,-46.9983,61.21,92,13,3.76,few clouds
480,Camacha,PT,33.0833,-16.3333,62.02,72,40,10.36,scattered clouds
481,Bagdarin,RU,54.4333,113.6,48.49,61,88,5.57,overcast clouds
482,Stepnyak,KZ,52.8339,70.7803,46.83,62,34,13.98,scattered clouds
483,Hamilton,US,39.1834,-84.5333,64.35,69,0,11.5,clear sky
484,Panyutyne,UA,48.9333,36.2833,45.73,91,61,8.14,broken clouds
485,Poya,NC,-21.35,165.15,73.9,83,100,9.66,overcast clouds
486,Tanete,ID,-3.9443,119.7848,77.81,87,100,6.38,overcast clouds
487,Chamba,IN,32.5667,76.1333,67.64,46,51,9.19,broken clouds
488,Davila,PH,18.4726,120.5763,84.18,68,85,1.57,overcast clouds
489,Atar,MR,20.5169,-13.0499,87.1,20,4,4.21,clear sky
490,Sisimiut,GL,66.9395,-53.6735,32.68,91,100,20.15,light snow
491,Sokoni,TZ,-6.4333,39.55,78.66,75,96,11.72,overcast clouds
492,Yeniseysk,RU,58.4497,92.1703,59.14,56,5,7.58,clear sky
493,Taksimo,RU,56.3444,114.8794,46.27,88,100,3.11,light rain
494,Zhezkazgan,KZ,47.8043,67.7144,50.67,29,14,10.78,few clouds
495,Maragogi,BR,-9.0122,-35.2225,76.23,83,43,12.01,scattered clouds
496,Puerto Quijarro,BO,-17.7833,-57.7667,68.2,45,18,1.7,few clouds
497,Canakkale,TR,40.0833,26.8333,59.22,69,65,0.87,broken clouds
498,Antofagasta,CL,-23.65,-70.4,58.28,82,46,5.03,scattered clouds
499,Jumla,NP,29.2747,82.1838,52.65,82,70,1.12,broken clouds
500,Yerbogachen,RU,61.2767,108.0108,56.79,69,78,3.74,broken clouds
501,Sangar,RU,63.9242,127.4739,47.35,74,95,3.36,light rain
502,North Bend,US,43.4065,-124.2243,67.24,91,40,11.5,scattered clouds
503,Raga,SS,8.4596,25.678,76.08,67,100,3.47,overcast clouds
504,Nizhniy Kuranakh,RU,58.8353,125.4869,53.22,65,26,3.96,scattered clouds
505,Geraldton,AU,-28.7667,114.6,64.81,82,75,17.27,broken clouds
506,Rincon,US,32.296,-81.2354,74.86,93,100,10.36,thunderstorm
507,Riyadh,SA,24.6877,46.7219,84.34,9,0,6.89,clear sky
508,Bolshaya Sosnova,RU,57.6713,54.6029,31.21,90,66,8.05,broken clouds
509,Bulawayo,ZW,-20.15,28.5833,43.34,59,0,5.46,clear sky
510,Iralaya,HN,15.0,-83.2333,80.26,79,100,14.56,overcast clouds
511,Newberry,US,34.2746,-81.6187,80.98,71,100,3.69,overcast clouds
512,Fare,PF,-16.7,-151.0167,80.87,68,45,13.8,scattered clouds
513,Andenes,NO,69.3143,16.1194,44.58,93,100,2.3,overcast clouds
514,Pacifica,US,37.6138,-122.4869,79.99,71,20,26.46,haze
515,Lebowakgomo,ZA,-24.2,29.5,47.3,74,100,2.46,overcast clouds
516,Dobryanka,RU,58.4619,56.4165,33.91,94,97,7.83,overcast clouds
517,Togur,RU,58.3631,82.8265,50.5,78,100,12.21,light rain
518,Marzuq,YE,14.4,46.4667,73.6,20,14,1.54,few clouds
519,Krasnoyarskiy,RU,51.965,59.8967,49.33,97,100,13.8,light rain
520,San Juan,AR,-31.5375,-68.5364,61.56,27,10,7.02,clear sky
521,Mlonggo,ID,-6.5333,110.7,80.33,84,90,5.44,moderate rain
522,Nea Kallikratia,GR,40.3167,23.0667,71.19,52,0,1.01,clear sky
523,Uyemskiy,RU,64.4743,40.8524,28.45,86,20,6.71,few clouds
524,Shache,CN,38.4167,77.2406,69.71,43,100,14.25,overcast clouds
525,Leningradskiy,RU,69.3833,178.4167,38.23,89,34,3.42,scattered clouds
526,Virginia Beach,US,36.8529,-75.978,86.02,75,2,13.89,clear sky
527,Price,US,39.5994,-110.8107,67.12,17,11,14.7,few clouds
528,Skeldon,GY,5.8833,-57.1333,73.2,97,100,3.04,overcast clouds
529,Kikwit,CD,-5.041,18.8162,70.27,95,96,1.66,light rain
530,Ixtapa,MX,20.7,-105.2,79.23,76,1,3.0,clear sky
531,Luwuk,ID,-0.9516,122.7875,82.92,72,66,4.16,broken clouds
532,Aguimes,ES,27.9054,-15.4461,65.03,68,40,23.02,scattered clouds
533,Deer Lake,CA,49.1667,-57.4316,55.26,94,100,3.44,overcast clouds
534,Lasa,IT,46.6166,10.7002,55.36,77,95,3.53,overcast clouds
535,Manado,ID,1.487,124.8455,84.97,74,20,1.14,few clouds
536,Epe,NG,6.5841,3.9834,74.86,92,100,3.11,overcast clouds
537,Hailin,CN,44.5833,129.4167,70.43,35,64,7.58,broken clouds
538,Kudahuvadhoo,MV,2.6708,72.8944,83.28,73,99,12.39,overcast clouds
539,Whyalla,AU,-33.0333,137.5833,65.48,62,11,7.0,few clouds
540,Teya,RU,60.3778,92.6267,57.65,61,0,3.24,clear sky
541,Nouadhibou,MR,20.931,-17.0347,64.38,94,0,16.11,clear sky
542,Alice Springs,AU,-23.7,133.8833,69.22,32,29,8.05,scattered clouds
543,Entre Rios,BR,-11.9419,-38.0844,67.1,97,12,4.0,few clouds
544,Aragarcas,BR,-15.8975,-52.2508,61.39,39,7,3.2,clear sky
545,Olafsvik,IS,64.8945,-23.7142,42.35,67,0,11.14,clear sky
546,Sao Miguel Do Araguaia,BR,-13.275,-50.1628,65.98,44,0,3.69,clear sky
547,Roald,NO,62.5833,6.1333,53.91,82,100,4.61,light rain
548,Bilma,NE,18.6853,12.9164,84.43,12,91,3.65,overcast clouds
549,Kyra,RU,49.5776,111.9753,64.31,44,92,4.12,overcast clouds
550,Portland,US,45.5234,-122.6762,73.69,33,100,3.0,overcast clouds
551,Karera,IN,25.4667,78.15,86.95,55,0,13.31,clear sky
552,San Pedro,PH,14.35,121.0167,87.35,78,75,4.61,broken clouds
553,Abu Samrah,SY,35.3029,37.1841,58.84,78,3,21.47,clear sky
554,Acarau,BR,-2.8856,-40.12,76.26,86,9,8.32,clear sky
555,Crnomelj,SI,45.5711,15.1889,68.0,98,100,0.54,moderate rain
556,Edd,ER,13.9297,41.6925,85.82,51,28,7.81,scattered clouds
557,Bonavista,CA,48.6499,-53.1147,49.96,83,100,14.63,overcast clouds
558,Caravelas,BR,-17.7125,-39.2481,69.26,82,84,5.75,broken clouds
559,Kuryk,KZ,43.2,51.65,61.88,50,0,18.68,clear sky
560,Along,IN,28.1667,94.7667,73.24,91,99,0.72,overcast clouds
561,Katsuura,JP,35.1333,140.3,66.15,83,43,17.58,scattered clouds
562,Qasigiannguit,GL,68.8193,-51.1922,27.79,97,100,1.88,overcast clouds
563,Brae,GB,60.3964,-1.353,50.7,98,100,9.8,light rain
564,Port Macquarie,AU,-31.4333,152.9167,62.89,77,100,6.26,overcast clouds
565,Ambilobe,MG,-13.2,49.05,72.72,73,99,4.36,overcast clouds
566,Popondetta,PG,-8.7537,148.2534,88.2,55,14,4.81,few clouds
567,Arica,CL,-18.475,-70.3042,64.63,72,100,10.36,overcast clouds
568,Manjacaze,MZ,-24.7117,33.8828,61.56,95,100,5.28,overcast clouds
569,Pekan,MY,3.4836,103.3996,77.11,87,100,3.74,overcast clouds
570,Pokhara,NP,28.2333,83.9833,67.95,75,89,1.66,overcast clouds
571,Anori,BR,-3.7728,-61.6442,72.72,96,3,2.55,clear sky
572,Oudtshoorn,ZA,-33.5907,22.2014,48.56,54,99,1.41,overcast clouds
573,Aitape,PG,-3.1374,142.3475,86.23,64,98,4.59,overcast clouds
574,Springbok,ZA,-29.6643,17.8865,52.57,54,83,5.82,broken clouds
575,Hirara,JP,24.8,125.2833,80.46,89,75,13.8,light rain
576,Dukat,RU,62.55,155.55,33.3,98,100,7.76,overcast clouds
577,Comodoro Rivadavia,AR,-45.8667,-67.5,44.46,49,0,4.61,clear sky
578,Chara,RU,56.9064,118.2631,53.71,46,84,3.62,broken clouds
579,Rock Springs,US,41.5875,-109.2029,55.04,28,44,4.0,scattered clouds
580,Corinth,GR,37.9407,22.9573,69.42,70,4,6.06,clear sky
581,Maroantsetra,MG,-15.4333,49.7333,72.73,84,71,1.79,light rain
582,Nakamura,JP,32.9833,132.9333,77.45,53,100,3.53,overcast clouds
583,Dolores,AR,-36.3132,-57.6792,49.89,76,87,8.48,overcast clouds
584,Pinotepa Nacional,MX,16.3167,-98.0167,79.38,67,6,4.0,clear sky
585,Delhi,IN,28.6667,77.2167,73.49,83,75,23.02,broken clouds
586,Altea,ES,38.5989,-0.0514,77.47,89,100,1.99,overcast clouds
587,Paamiut,GL,61.994,-49.6678,32.76,98,100,20.74,light snow
588,Bonthe,SL,7.5264,-12.505,78.21,86,100,10.02,light rain
589,Chimbote,PE,-9.0853,-78.5783,63.75,87,6,8.16,clear sky
590,Villazon,BO,-22.0866,-65.5942,41.88,12,0,5.14,clear sky
591,Kumphawapi,TH,17.1087,103.0149,82.89,80,100,6.58,overcast clouds
592,Calama,CL,-22.4667,-68.9333,54.09,11,0,5.75,clear sky
593,Praia Da Vitoria,PT,38.7333,-27.0667,63.75,100,100,7.23,light intensity drizzle
594,Zhanakorgan,KZ,43.9098,67.2495,59.11,46,0,7.83,clear sky
595,Wanning,CN,18.8003,110.3967,83.08,80,100,5.19,overcast clouds
596,Kalaleh,IR,37.3807,55.4916,55.0,82,0,0.0,clear sky
597,Bantacan,PH,7.604,126.1298,85.73,72,94,1.34,overcast clouds
598,Oyem,GA,1.5995,11.5793,66.69,99,79,1.88,light rain
599,Port-Gentil,GA,-0.7193,8.7815,77.63,81,81,15.41,broken clouds
600,Elizabeth City,US,36.2946,-76.2511,80.62,71,98,7.0,overcast clouds
601,Saint Anthony,US,45.0205,-93.218,56.82,45,30,4.76,scattered clouds
602,Zacatepec,MX,18.65,-99.2,81.43,46,100,4.99,overcast clouds
603,Mandali,IQ,33.7499,45.5541,85.3,11,100,3.58,overcast clouds
604,Soroti,UG,1.7146,33.6111,63.28,96,96,3.09,overcast clouds
605,Pangnirtung,CA,66.1451,-65.7125,27.99,98,100,4.38,light snow
606,Tambacounda,SN,13.7539,-13.7586,87.85,35,0,6.91,clear sky
607,Trincomalee,LK,8.5711,81.2335,80.85,81,15,20.74,few clouds
608,Singaraja,ID,-8.112,115.0882,83.3,64,100,3.42,overcast clouds
609,Sobolevo,RU,54.4299,31.8996,36.39,83,20,4.41,few clouds
610,Sabla,NG,12.7525,4.7077,84.88,46,100,5.35,light rain
611,Farafangana,MG,-22.8167,47.8333,66.24,93,29,3.36,scattered clouds
612,Constantine,DZ,36.365,6.6147,63.81,48,0,2.3,clear sky
613,Alofi,NU,-19.0595,-169.9187,80.49,83,5,5.75,clear sky
614,Gimli,CA,50.6336,-96.9907,51.82,50,4,11.5,clear sky
615,Malinovoye Ozero,RU,51.6753,79.7825,57.09,33,100,5.48,overcast clouds
616,Kharp,RU,66.8014,65.8081,37.89,82,72,25.48,broken clouds
617,Zeya,RU,53.75,127.2667,40.59,93,100,8.63,light rain
618,Damghan,IR,36.1683,54.348,62.42,21,0,2.26,clear sky
619,Puerto Narino,CO,-3.7703,-70.3831,72.1,98,12,2.37,few clouds
620,Altay,CN,47.8667,88.1167,70.21,34,10,4.41,clear sky
621,Fort Morgan,US,40.2503,-103.8,56.05,44,0,17.27,clear sky
622,Suvorovo,BG,43.3333,27.6,57.9,85,87,2.46,overcast clouds
623,Udachnyy,RU,66.4167,112.4,57.45,40,100,15.21,overcast clouds
624,Sinnar,SD,13.5691,33.5672,87.4,18,83,8.48,broken clouds
625,Ust-Ilimsk,RU,58.0006,102.6619,52.72,63,15,3.47,few clouds
626,Poum,NC,-20.2333,164.0167,77.7,82,4,17.05,clear sky
627,Port Moresby,PG,-9.4431,147.1797,85.42,70,40,3.44,scattered clouds
628,Salinas,US,36.6777,-121.6555,76.71,62,0,6.64,clear sky
629,Puerto Gaitan,CO,4.3133,-72.0816,77.81,77,69,6.6,broken clouds
630,Xudat,AZ,41.631,48.681,62.78,42,0,4.45,clear sky
631,Noumea,NC,-22.2763,166.4572,79.0,99,88,17.45,overcast clouds
632,Meadow Lake,US,34.8014,-106.5436,77.32,22,78,23.8,broken clouds
633,Plastun,RU,44.7561,136.2939,50.34,81,95,6.73,overcast clouds
634,Afikpo,NG,5.8931,7.9374,73.74,96,100,5.01,moderate rain
635,Hami,CN,42.8,93.45,85.5,14,87,4.97,overcast clouds
636,Ugoofaaru,MV,5.6667,73.0,83.39,76,85,14.16,overcast clouds
637,Tamandare,BR,-8.7597,-35.1047,76.24,85,42,11.65,scattered clouds
638,Ahar,IR,38.4774,47.0699,59.7,42,71,6.11,broken clouds
639,Kapuskasing,CA,49.4169,-82.4331,48.29,61,75,8.05,broken clouds
640,Barquisimeto,VE,10.0739,-69.3228,71.51,80,0,4.14,clear sky
641,Rosa Zarate,EC,0.3333,-79.4667,74.73,95,98,2.64,moderate rain
642,Nantucket,US,41.2835,-70.0995,61.14,91,100,10.36,fog
643,Lakes Entrance,AU,-37.8811,147.981,55.17,64,0,2.33,clear sky
644,Fenoarivo,MG,-18.933,47.4354,59.07,94,75,4.61,broken clouds
645,Paarl,ZA,-33.7338,18.9752,57.02,89,18,1.39,few clouds
646,Pemangkat,ID,1.1667,108.9667,81.36,81,31,5.03,scattered clouds
647,Aldan,RU,58.6031,125.3894,48.52,70,37,5.26,light rain
648,Lipin Bor,RU,60.2622,37.9763,32.07,75,99,9.31,overcast clouds
649,Saint-Lo,FR,49.1162,-1.0903,59.43,93,100,3.6,overcast clouds
650,Asosa,ET,10.0667,34.5333,61.83,87,100,6.02,light rain
651,Morondava,MG,-20.2833,44.2833,72.12,55,1,5.59,clear sky
652,Mahibadhoo,MV,3.7833,72.9667,83.21,74,42,13.15,scattered clouds
653,Shwebo,MM,22.5667,95.7,83.59,71,9,11.61,clear sky
654,Mudanjiang,CN,44.5833,129.6,72.18,34,82,7.87,broken clouds
655,Kuala Terengganu,MY,5.3302,103.1408,78.75,94,20,3.44,few clouds
656,Ulaangom,MN,49.9811,92.0667,75.45,23,19,16.24,few clouds
657,Fukuma,JP,33.7667,130.4667,77.29,65,100,4.74,overcast clouds
658,Eureka,US,40.8021,-124.1637,60.21,83,100,5.99,overcast clouds
659,Honningsvag,NO,70.9821,25.9704,42.55,81,75,2.3,broken clouds
660,Arucas,ES,28.1198,-15.5233,65.17,83,41,12.88,scattered clouds
661,Saint-Georges,GD,12.0564,-61.7485,82.08,74,20,23.02,few clouds
662,Pangai,TO,-19.8,-174.35,82.51,78,20,6.91,few clouds
663,Maraa,BR,-1.8333,-65.3667,72.64,97,70,0.94,broken clouds
664,Yining,CN,29.0361,114.5636,69.12,88,100,1.57,overcast clouds
665,Wakkanai,JP,45.4094,141.6739,48.18,93,75,9.22,fog
666,Novska,HR,45.3406,16.9769,58.78,90,100,1.97,overcast clouds
667,San Cristobal,VE,7.7669,-72.225,75.38,83,0,2.93,clear sky
668,Miramar,US,25.9873,-80.2323,82.02,80,72,5.99,broken clouds
669,Camana,PE,-16.6228,-72.7111,65.32,81,59,6.8,broken clouds
670,Pando,UY,-34.7167,-55.95,54.18,82,0,4.61,clear sky
671,Del Rio,US,29.3627,-100.8968,77.14,58,17,2.73,few clouds
672,Arman,RU,59.7,150.1667,41.02,97,100,8.75,light rain
673,Hervey Bay,AU,-25.2986,152.8535,72.01,76,100,7.0,light rain
674,Weatherford,US,32.7593,-97.7972,68.95,69,43,5.01,scattered clouds
675,Jeremie,HT,18.65,-74.1167,79.05,84,100,3.31,overcast clouds
676,Isabela,PH,6.7085,121.9711,84.25,83,100,1.45,overcast clouds
677,Alyangula,AU,-13.8483,136.4192,84.25,61,84,14.63,broken clouds
678,Pulandian,CN,39.3953,121.9669,75.09,47,26,7.74,scattered clouds
679,Flinders,AU,-34.5833,150.8552,62.19,89,100,4.0,light rain
680,Manaquiri,BR,-3.3167,-60.35,81.05,94,3,1.68,clear sky
681,Emerald,AU,-23.5333,148.1667,68.34,71,88,10.94,overcast clouds
682,Ust-Nera,RU,64.5667,143.2,40.77,73,100,6.22,overcast clouds
683,Kismayo,SO,-0.3582,42.5454,79.7,85,57,15.48,broken clouds
684,Saint-Pierre,RE,-21.3393,55.4781,71.28,73,75,12.66,broken clouds
685,Hambantota,LK,6.1241,81.1185,77.34,100,20,6.91,few clouds
686,Campbellton,CA,48.0075,-66.6727,52.25,100,100,5.55,heavy intensity rain
687,Kodinsk,RU,58.6881,99.1844,55.49,66,62,2.51,broken clouds
688,Diffa,NE,13.3154,12.6113,84.15,16,7,7.94,clear sky
689,Matay,EG,28.419,30.7792,68.61,44,0,7.18,clear sky
690,Rosetta,EG,31.4044,30.4164,67.23,82,0,15.97,clear sky
691,Pandan,PH,14.0453,124.1694,85.95,68,51,5.93,broken clouds
692,Hurghada,EG,27.2574,33.8129,73.44,31,0,17.27,clear sky
693,Letka,RU,59.6011,49.4232,30.51,97,100,6.15,overcast clouds
694,Havoysund,NO,70.9963,24.6622,43.03,84,17,3.62,few clouds
695,Ranavav,IN,21.6842,69.7408,82.98,75,43,19.35,scattered clouds
696,Nioro,GM,13.35,-15.75,75.81,61,100,8.12,overcast clouds
697,Astoria,US,46.1879,-123.8313,61.59,81,100,3.0,overcast clouds
698,Velikiy Ustyug,RU,60.7644,46.3106,31.5,96,100,8.7,light snow
699,Kralendijk,BQ,12.15,-68.2667,79.25,83,9,22.48,clear sky
700,Lentekhi,GE,42.7856,42.7261,55.04,74,100,3.56,overcast clouds
701,Birao,CF,10.2849,22.7882,83.32,43,99,1.61,overcast clouds
702,Nador,MA,35.174,-2.9287,68.25,77,0,16.11,clear sky
703,Magangue,CO,9.242,-74.7547,83.12,64,1,4.09,clear sky
704,Brest,BY,52.1,23.7,48.34,98,100,6.44,overcast clouds
705,Mbarara,UG,-0.608,30.65,62.19,90,100,2.42,overcast clouds
706,Solnechnyy,RU,50.7214,136.6319,51.39,54,100,4.68,overcast clouds
707,Luanda,AO,-8.8368,13.2343,71.6,88,20,3.44,few clouds
708,Sorland,NO,67.667,12.6934,46.26,90,95,8.03,overcast clouds
709,Lisala,CD,2.15,21.5167,69.13,98,87,1.79,light rain
710,Itaguacu,BR,-19.8019,-40.8556,63.25,94,52,2.21,broken clouds
711,Nagua,DO,19.3832,-69.8474,76.48,85,15,8.19,few clouds
712,Pacific Grove,US,36.6177,-121.9166,69.87,79,0,7.0,clear sky
713,Nishihara,JP,26.1842,127.7558,74.48,86,100,11.5,light intensity drizzle
714,Sorata,BO,-15.7667,-68.6333,41.47,65,38,1.28,scattered clouds
715,Bamnet Narong,TH,15.4992,101.6897,78.08,83,98,11.48,overcast clouds
716,Grand Gaube,MU,-20.0064,57.6608,73.8,77,0,1.99,clear sky
717,Esmeraldas,BR,-19.7625,-44.3139,63.64,68,0,3.87,clear sky
718,Houma,US,29.5958,-90.7195,80.6,80,75,8.05,broken clouds
719,Beauchamps,FR,50.012,1.5176,57.31,77,98,3.74,overcast clouds
720,Tabou,CI,4.423,-7.3528,75.6,92,100,7.74,light rain
721,Baherden,TM,38.4362,57.4316,67.33,37,0,11.41,clear sky
722,Byron Bay,AU,-28.65,153.6167,61.72,80,100,11.07,light rain
723,Tepalcingo,MX,18.6,-98.85,80.67,39,100,7.9,overcast clouds
724,Moranbah,AU,-22.0016,148.0466,69.6,71,45,15.41,scattered clouds
725,Hay River,CA,60.8156,-115.7999,42.78,56,20,6.91,few clouds
726,Mitu,CO,1.1983,-70.1733,72.12,98,83,1.21,broken clouds
727,Kamina,CD,-8.7386,24.9906,65.97,83,100,3.33,overcast clouds
728,La Union,PE,-5.4,-80.75,69.19,72,8,17.6,clear sky
729,Quelimane,MZ,-17.8786,36.8883,73.35,94,0,4.61,clear sky
730,Mount Pleasant,US,32.7941,-79.8626,77.14,91,40,4.0,scattered clouds
731,Petropavlovka,RU,50.6114,105.3196,66.36,40,97,5.35,overcast clouds
732,Melito Di Porto Salvo,IT,37.9222,15.7714,72.3,30,6,10.36,clear sky
733,Puerto Ayacucho,VE,5.6639,-67.6236,75.7,89,100,4.18,overcast clouds
734,Tam Ky,VN,15.5667,108.4833,83.05,72,100,4.72,overcast clouds
